date,location,observer,time,calltype,calltype.simple,birdtype,birdtype.simple,before,behavior1,behavior2,behavior3,after,notes,avisoftfilenum,
4/4/24,Casa 145,Sadoni ,10:57 AM,? & twinkle,twinkle,andro,andro,fly-feeder,fly-away,,,,N/A,N/A,?-sound like eeeuh 
3/4/24,Casa 145,Michelle,5:58 PM,Bell,bell,Hetero,fem,,perch,,,perch,N/A,N/A,I saw the bell on avisoft
25/03/24,Casa 166,Sadoni,4:37 PM,bell,bell,juv,juv,perch,perch,,,fly-feeder,B & D: perched A: flew towards feeders,,
21/03/2024,Casa 145,Michelle,4:06 PM,Bell,bell,Juvenile,juv,NA,perch,,,perch,N/A,5,
31/03/2024,Casa 145,Michelle,6:19 PM,Bell,bell,Juvenile,juv,perch,feed,,,inchase.U,2,,N/A
1/4/24,Casa 131 ,Sadoni ,6:57 AM,bell,bell,Juvenile,juv,,perch,,,perch,N/A,N/A,
2/4/24,Casa 166,Michelle,6:22 PM,Bell,bell,Juvenile,juv,,perch,,,fly-away,"9, 10",N/A,Beak was opening
3/4/24,Casa 145,Michelle,6:04 PM,Bell,bell,Juvenile,juv,,perch,,,fly-feeder,3,N/A,N/A
25/03/24,Casa 131,Michelle,8:53 AM,Bell,bell,Male,andro,perch,perch,,,perch,N/A,8,
22/03/24,Casa 131,Michelle,6:11 PM,Bell?,bell,Juvenile,juv,,chased.ama,,,feed,N/A,N/A,
31/03/2024,Casa 145,Michelle,6:16 PM,Bellcheep,bellcheep,Juvenile,juv,,fly-away,,,perch,N/A,N/A,N/A
31/03/2024,Casa 145,Michelle,6:18 PM,Bellcheep,bellcheep,Juvenile,juv,,perch,,,feed,N/A,N/A,N/A
1/4/24,Casa 166,Michelle,4:25 PM,Cheep,cheep,Andro,andro,,fly-feeder,,,feed,N/A,N/A,I'm not sure if I got confused in my notes or if an actual andro made this sound
2/4/24,Casa 145 ,Sadoni ,9:13 AM,cheep,cheep,andro,andro,,perch,,,perch,1,,sounded like a response to the other andro (previous entry) or vice versa
10/4/24,Casa 131,Sadoni ,5:44 PM,cheep,cheep,andro,andro,,fly-feeder,,,fly-away,,,
21/03/2024,Casa 166,Michelle,5:14 PM,Cheep,cheep,Female,fem,,fly-feeder,,,perch,N/A,6,
21/03/2024,Casa 166,Michelle,5:25 PM,Cheep,cheep,Female,fem,perch,fly-feeder,,,feed,N/A,"6,7",
25/03/24,Casa 131,Michelle,8:00 AM,Cheep,cheep,Female,fem,,fly-feeder,,,feed,N/A,1,
25/03/24,Casa 131,Michelle,8:04 AM,Cheep,cheep,Female,fem,,fly-feeder,,,feed,Rec has a lot of bg noise,2,
25/03/24,Casa 131,Michelle,8:39 AM,Cheep,cheep,Female,fem,,fly-feeder,feed,fly-away,perch,N/A,6,
26/03/24,Casa 166,Michelle,9:15 AM,Cheep,cheep,Female,fem,fly-around,fly-feeder,,,,N/A,7,
26/03/24,Casa 166,Michelle,10:53 AM,Cheep,cheep,Female,fem,,fly-feeder,,,feed,N/A,N/A,
25/03/24,Casa 131,Sadoni ,5:41 PM,cheep,cheep,hetero,fem,,fly-feeder,,,perch,D: flying towards feeder A: perched on feeder ,,
28/03/24,Casa 131,Michelle,7:30 AM,Cheep,cheep,Hetero,fem,feed,chased.A,,,,N/A,N/A,
28/03/24,Casa 131,Michelle,8:17 AM,Cheep,cheep,Hetero,fem,,fly-feeder,,,feed,N/A,N/A,
28/03/24,Casa 131,Michelle,11:02 AM,Cheep,cheep,Hetero,fem,,inchase.A,,,perch,N/A,N/A,
28/03/24,Casa 131,Michelle,11:04 AM,Cheep,cheep,Hetero,fem,,fly-feeder,,,,N/A,N/A,
28/03/24,Casa 145,Sadoni,5:08 PM,cheep,cheep,hetero,fem,,fly-away,,,,D: flying away,,
28/03/24,Casa 145,Sadoni,5:42 PM,cheep,cheep,hetero,fem,feed,fly-away,,,,B: feeding D: flying away,,
28/03/24,Casa 145,Sadoni,6:01 PM,cheep,cheep,hetero,fem,feed,fly-away,,,,B: feeding D: flying away,,
29/03/24,Casa 131,Sadoni ,5:49 PM,cheep,cheep,hetero,fem,,fly-feeder,,,,,,
29/03/24,Casa 131,Sadoni ,6:33 PM,cheep,cheep,hetero,fem,,fly-feeder,,,,,,
1/4/24,Casa 131 ,Sadoni ,6:47 AM,cheep,cheep,Hetero,fem,perch,perch,,,,N/A,N/A,
1/4/24,Casa 166,Michelle,4:38 PM,cheep,cheep,Hetero,fem,,fly-feeder,feed,,fly-away,N/A,N/A,N/A
1/4/24,Casa 166,Michelle,5:04 PM,Cheep,cheep,Hetero,fem,,fly-feeder,,,feed,N/A,N/A,N/A
3/4/24,Casa 166,Sadoni ,6:57 AM,cheep,cheep,hetero,fem,feed,fly-away,,,,,,
3/4/24,Casa 166,Sadoni ,7:10 AM,cheep,cheep,hetero,fem,,fly-feeder,fly-away,,,,,
3/4/24,Casa 166,Sadoni ,7:44 AM,cheep,cheep,hetero,fem,,fly-feeder,,,perch,,,
3/4/24,Casa 166,Sadoni ,8:22 AM,cheep,cheep,hetero,fem,,fly-feeder,,,feed,,,
3/4/24,Casa 166,Sadoni ,8:25 AM,cheep,cheep,hetero,fem,,fly-feeder,,,feed,,,
3/4/24,Casa 166,Sadoni ,8:26 AM,cheep,cheep,hetero,fem,feed,fly-away,,,,,,
4/4/24,Casa 166,Michelle,3:17 PM,Cheep,cheep,Hetero,fem,,fly-feeder,fly-away,,,N/A,N/A,N/A
4/4/24,Casa 166,Michelle,4:52 PM,Cheep,cheep,Hetero,fem,fly-feeder,inchase.A,,,fly-away,9,N/A,N/A
9/4/24,Casa 166,Sadoni ,3:29 PM,cheep,cheep,hetero,fem,,fly-feeder,,,,N/A,N/A,N/A
9/4/24,Casa 166,Sadoni ,3:55 PM,cheep,cheep,hetero,fem,,fly-feeder,feed,fly-away,,N/A,N/A,N/A
9/4/24,Casa 166,Sadoni ,4:00 PM,cheep,cheep,hetero,fem,,fly-away,,,,N/A,N/A,N/A
10/4/24,Casa 166,Sadoni ,3:40 PM,cheep,cheep,Hetero,fem,feed,fly-away,,,,,,
10/4/24,Casa 131,Sadoni ,5:21 PM,cheep,cheep,Hetero,fem,,fly-feeder,,,feed,,,
10/4/24,Casa 131,Sadoni ,5:28 PM,cheep,cheep,Hetero,fem,,fly-feeder,,,feeding,,,
26/03/24,Casa 145,Michelle,6:47 AM,Cheep,cheep,Juvenile,juv,perch,perch,,,perch,N/A,"1,2,3",
26/03/24,Casa 145,Michelle,6:47 AM,Cheep,cheep,Juvenile,juv,,inchase.H,,,perch,Looked like it was defending its territory,"4,5",
26/03/24,Casa 145,Michelle,6:46 AM,Cheep?,cheep,Juvenile,juv,perch,fly-around,,,perch,N/A,1,
1/4/24,Casa 166,Michelle,5:24 PM,Cheeps,cheep,Hetero,fem,,chase.A,,,,N/A,N/A,N/A
3/4/24,Casa 166,Sadoni ,6:54 AM,cheeps,cheep,hetero,fem,,fly-feeder,,,feed,,,
3/4/24,Casa 166,Sadoni ,7:16 AM,cheeps,cheep,hetero,fem,,fly-around,,,,,,
3/4/24,Casa 166,Sadoni ,7:55 AM,cheeps,cheep,hetero,fem,,fly-feeder,,,feed,,,
3/4/24,Casa 166,Sadoni ,7:55 AM,cheeps,cheep,hetero,fem,feed,fly-away,,,,,,
9/4/24,Casa 166,Sadoni ,4:19 PM,cheeps,cheep,hetero,fem,,feed,fly-away,,,N/A,N/A,N/A
9/4/24,Casa 166,Sadoni ,4:56 PM,cheeps,cheep,hetero,fem,,fly-feeder,,,feed,N/A,N/A,N/A
9/4/24,Casa 166,Sadoni ,5:38 PM,cheeps,cheep,hetero,fem,,fly-feeder,,,feed,N/A,N/A,N/A
22/03/24,Casa 145,Sadoni,7:27 AM,click,click,andro,andro,,feed,fly-away,,,B: feeding D: feeding and flying away,,
22/03/24,Casa 145,Sadoni,8:49 AM,click,click,andro,andro,perch,fly-away,,,,B: perched D: flying away,,
25/03/24,Casa 131,Sadoni ,5:50 PM,click,click,andro,andro,,fly-feeder,,,feed,D: flying towards feeder A: feeding,,
25/03/24,Casa 131,Sadoni ,5:54 PM,click,click,andro,andro,,feed,,,,D:visting feeders,,
25/03/24,Casa 131,Sadoni ,6:09 PM,click,click,andro,andro,,feed,,,fly-away,D: feeding A: flying away,,
25/03/24,Casa 131,Sadoni ,6:24 PM,click,click,andro,andro,,feed,fly-away,,,D: feeding and flying away A: perched,,
26/03/24,Casa 131 ,Sadoni ,2:06 PM,click,click,andro,andro,,fly-feeder,,,fly-away,B: flew towards feeder D: hovering near feeder A: flew away,,
26/03/24,Casa 131 ,Sadoni ,2:11 PM,click,click,andro,andro,,feed,,,fly-away,D: feeding A: flew away,,
26/03/24,Casa 131 ,Sadoni ,2:51 PM,click,click,andro,andro,,feed,,,fly-away,D: feeding A: flew away,,
26/03/24,Casa 131 ,Sadoni ,2:52 PM,click,click,andro,andro,,feed,,,feed,D& A: feeding,,
26/03/24,Casa 131 ,Sadoni ,2:53 PM,click,click,andro,andro,feed,fly-away,,,,B: feeding D: flying away,,
10/4/24,Casa 145,Michelle,7:31 AM,Click,click,Andro,andro,fly-feeder,fly-feeder,,,feed,N/A,N/A,N/A
10/4/24,Casa 145,Michelle,7:52 AM,Click,click,Andro,andro,fly-feeder,feed,fly-away,,,N/A,N/A,N/A
25/03/24,Casa 166,Sadoni,4:29 PM,click,click,andro ,andro,fly-around,fly-around,,,perch,B & D: in flight A: perched,,
25/03/24,Casa 166,Sadoni,3:31 PM,click,click,hetero,fem,,fly-feeder,,,fly-away,D: flying towards feeder A: flew away,,
22/03/24,Casa 145,Sadoni,6:50 AM,click,click,juv.,juv,perch,perch,,,fly-away,"B: perched D:perched, flew away ","Gamboa_H145_240322064821_001, Gamboa_H145_240322064906_002",
1/4/24,Casa 131 ,Sadoni ,7:54 AM,click (trill),trill,Andro,andro,,perch,,,perch,N/A,N/A,
1/4/24,Casa 131 ,Sadoni ,8:48 AM,click (trill),trill,Andro,andro,perch,perch,,,fly-feeder,N/A,N/A,accidentally got short video of it
1/4/24,Casa 131 ,Sadoni ,9:02 AM,click (trill),trill,Andro,andro,,perch,,,chase.U,N/A,N/A,
28/03/24,Casa 131,Michelle,7:00 AM,Clicks,click,Andro,andro,,D: feeding,,,,N/A,N/A,
28/03/24,Casa 131,Michelle,8:11 AM,Clicks,click,Andro,andro,,feed,,,fly-away,N/A,N/A,
1/4/24,Casa 166,Michelle,5:04 PM,Clicks,click,Andro,andro,,fly-feeder,,,fly-away,N/A,N/A,N/A
9/4/24,Casa 131,Michelle,8:35 AM,Clicks,click,Andro,andro,perch,perch,,,perch,N/A,N/A,N/A
21/03/2024,Casa 166,Michelle,5:03 PM,Clicks,click,Female,fem,,fly-feeder,,,,N/A,N/A,
21/03/2024,Casa 166,Michelle,5:17 PM,Clicks,click,Female,fem,,fly-feeder,,,feed,N/A,N/A,
21/03/2024,Casa 166,Michelle,5:36 PM,Clicks,click,Female,fem,feed,fly-away,,,,N/A,11,
21/03/2024,Casa 166,Michelle,6:21 PM,Clicks,click,Female,fem,,feed,,,fly-away,N/A,20,
21/03/2024,Casa 166,Michelle,6:23 PM,Clicks,click,Female,fem,,fly-around,,,feed,N/A,N/A,
26/03/24,Casa 166,Michelle,9:21 AM,Clicks,click,Female,fem,,fly-feeder,,,feed,N/A,N/A,
1/4/24,Casa 166,Michelle,4:42 PM,Clicks,click,Hetero,fem,,fly-feeder,,,feed,N/A,N/A,N/A
1/4/24,Casa 166,Michelle,5:53 PM,Clicks,click,Hetero,fem,,feed,,,fly-away,N/A,N/A,N/A
2/4/24,Casa 166,Michelle,6:20 PM,Clicks,click,Hetero,fem,feed,feed,,,feed,N/A,N/A,N/A
10/4/24,Casa 145,Michelle,7:14 AM,Clicks,click,Hetero,fem,feed,feed,,,perch,N/A,N/A,N/A
22/03/24,Casa 131,Michelle,6:20 PM,Clicks,click,Juvenile,juv,,fly-feeder,feed,,feed,N/A,N/A,
25/03/24,Casa 131,Michelle,8:21 AM,Clicks,click,Juvenile,juv,fly-around,feed,,,,Sound far from mic,5,
26/03/24,Casa 145,Michelle,6:35 AM,Clicks,click,Juvenile,juv,feed,chased.A,,,,Male was chasing it,N/A,
1/4/24,Casa 166,Michelle,4:45 PM,Clicks,click,Juvenile,juv,,fly-feeder,,,,N/A,N/A,N/A
1/4/24,Casa 166,Michelle,4:59 PM,Clicks,click,Juvenile,juv,,fly-feeder,,,fly-away,N/A,N/A,N/A
21/03/2024,Casa 145,Michelle,2:18 PM,Clicks,click,Male,andro,NA,perch,,,fly-away,Continuous clicks for one or two mins,N/A,
21/03/2024,Casa 145,Michelle,3:45 PM,Clicks,click,Male,andro,perch,perch,,,perch,"Male was alone, didn't see beak opening a lot, slow clicks","1, 2 y 3",
21/03/2024,Casa 166,Michelle,5:10 PM,Clicks,click,Male,andro,,fly-feeder,,,fly-away,Just one or two clicks,N/A,
21/03/2024,Casa 166,Michelle,5:11 PM,Clicks,click,Male,andro,fly-around,fly-feeder,,,feed,Just one,N/A,
21/03/2024,Casa 166,Michelle,5:25 PM,Clicks,click,Male,andro,,fly-feeder,feed,fly-away,,N/A,8,
21/03/2024,Casa 166,Michelle,5:46 PM,Clicks,click,Male,andro,,fly-feeder,feed,,fly-away,N/A,16,
25/03/24,Casa 131,Michelle,6:58 AM,Clicks,click,Male,andro,,fly-feeder,,,fly-away,N/A,N/A,
25/03/24,Casa 145,Michelle,11:11 AM,Clicks,click,Male,andro,perch,perch,,,perch,Juvenile was feeding on his feeder and when he started doing clicks the juv left,N/A,
25/03/24,Casa 145,Michelle,11:21 AM,Clicks,click,Male,andro,perch,perch,,,chase.juv,"Same juvenile feeding, male did clicks and juv left but came back and male chased it",N/A,
25/03/24,Casa 145,Michelle,11:22 AM,Clicks,click,Male,andro,perch,perch,,,perch,Juv feeding on his feeder,14,
26/03/24,Casa 145,Michelle,6:42 AM,Clicks,click,Male,andro,,fly-around,,,perch,N/A,N/A,
26/03/24,Casa 145,Michelle,8:00 AM,Clicks,click,Male,andro,,feed,,,perch,N/A,N/A,
26/03/24,Casa 166,Michelle,9:57 AM,Clicks,click,Male,andro,perch,perch,,,fly-feeder,N/A,N/A,
26/03/24,Casa 166,Michelle,10:30 AM,Clicks,click,Male,andro,,perch,,,,N/A,11,
26/03/24,Casa 166,Michelle,10:35 AM,Clicks,click,Male,andro,perch,perch,,,perch,Same from previous register,N/A,
26/03/24,Casa 166,Michelle,10:40 AM,Clicks,click,Male,andro,perch,perch,,,perch,Same from previous register,"12, 13",
21/03/2024,Casa 166,Michelle,6:14 PM,Clicks,click,Male?,andro,,feed,fly-away,,,N/A,19,
25/03/24,Casa 145,Michelle,11:22 AM,Clicks?,click,Male,andro,perch,perch,,,perch,,"12, 13",
10/4/24,Casa 145,Michelle,9:30 AM,Long click,click.long,Andro,andro,,perch,,,perch,N/A,N/A,No one at feeders
10/4/24,Casa 145,Michelle,10:12 AM,Long click,click.long,Andro,andro,,perch,,,perch,N/A,N/A,N/A
3/4/24,Casa 166,Sadoni ,8:03 AM,long click or bell,click.long,andro,andro,,perch,,,perch,,,confirmed caller via open beak
31/03/2024,Casa 145,Michelle,3:27 PM,Long clicks,click.long,Andro,andro,perch,perch,,,fly-away,N/A,N/A,N/A
31/03/2024,Casa 145,Michelle,4:51 PM,Long clicks,click.long,Andro,andro,perch,perch,,,perch,N/A,N/A,N/A
3/4/24,Casa 145,Michelle,5:35 PM,Long clicks,click.long,Andro,andro,perch,perch,,,perch,N/A,N/A,N/A
4/4/24,Casa 166,Michelle,3:55 PM,Long clicks,click.long,Andro,andro,,fly-feeder,,,feed,7,N/A,He went on for at least two mins
4/4/24,Casa 166,Michelle,4:43 PM,Long clicks,click.long,Andro,andro,,perch,,,fly-away,N/A,N/A,N/A
4/4/24,Casa 166,Michelle,6:10 PM,Long clicks,click.long,Andro,andro,perch,perch,,,perch,14,N/A,N/A
1/4/24,Casa 166,Michelle,5:07 PM,Long clicks,click.long,Juvenile,juv,,perch,,,,N/A,N/A,N/A
4/4/24,Casa 166,Michelle,4:37 PM,Long clicks,click.long,Juvenile,juv,,perch,,,,N/A,N/A,N/A
22/03/24,Casa 145,Sadoni,6:42 AM,peew,peew,andro,andro,fly-feeder,chased.A,,,perch,B: flying towards feeder D: chased by andro A: perched on different feeder,,
22/03/24,Casa 145,Sadoni,6:58 AM,peew,peew,andro,andro,perch,chase.A,,,,B: one andro perched on feeder as other andro comes to feeder D: andro chases andro away,,
22/03/24,Casa 145,Sadoni,7:03 AM,peew,peew,andro,andro,,chase.U,,,,D: chasing,,
22/03/24,Casa 145,Sadoni,7:36 AM,peew,peew,andro,andro,chase,fly-feeder,,,perch,B: chasing D: flying towards feeder A: perched near feeder,,
25/03/24,Casa 166,Sadoni,2:56 PM,peew,peew,andro,andro,,chase.U,,,,D: in chase,,
25/03/24,Casa 166,Sadoni,3:01 PM,peew,peew,andro,andro,chased.U,fly-away,,,,B: chased D: flying away,,
26/03/24,Casa 131 ,Sadoni ,2:21 PM,peew,peew,andro,andro,,inchase.U,,,,D: fighting or chasing ,,
28/03/24,Casa 131,Michelle,7:20 AM,Peew,peew,Andro,andro,perch,chase.A,,,,N/A,N/A,
28/03/24,Casa 131,Michelle,7:22 AM,Peew,peew,Andro,andro,perch,chase.A,,,,N/A,N/A,
28/03/24,Casa 131,Michelle,7:55 AM,Peew,peew,Andro,andro,,inchase.U,,,feed,"Not sure if chased or chaser made sound, put both on after behaviour",,
28/03/24,Casa 131,Michelle,10:34 AM,Peew,peew,Andro,andro,feed,inchase.U,,,feed,"Not sure who made sound, it was made two or three times",N/A,
28/03/24,Casa 131,Michelle,10:59 AM,Peew,peew,Andro,andro,feed,chased.A,,,fly-around,N/A,N/A,
28/03/24,Casa 131,Michelle,11:17 AM,Peew,peew,Andro,andro,,inchase.A,,,,N/A,N/A,
31/03/2024,Casa 145,Michelle,5:03 PM,Peew,peew,Andro,andro,,chase,,,fly-away,N/A,N/A,Not sure if the chased or chaser made sound
31/03/2024,Casa 145,Michelle,5:49 PM,Peew,peew,Andro,andro,feed,perch,,,feed,N/A,N/A,N/A
1/4/24,Casa 131 ,Sadoni ,7:44 AM,peew,peew,Andro,andro,inchase.A,fly-feeder,,,,N/A,N/A,
1/4/24,Casa 166,Michelle,3:14 PM,Peew,peew,Andro,andro,feed,chase.U,,,feed,N/A,N/A,N/A
1/4/24,Casa 166,Michelle,3:19 PM,Peew,peew,Andro,andro,,chase.U,,,feed,N/A,N/A,Not sure if the chased or chaser made sound
1/4/24,Casa 166,Michelle,3:26 PM,Peew,peew,Andro,andro,feed,chase.A,,,feed,N/A,N/A,Not sure if the chased or chaser made sound
1/4/24,Casa 166,Michelle,3:40 PM,Peew,peew,Andro,andro,,inchase.U,,,,N/A,N/A,"Not sure who made sound, there was three andros fighting"
1/4/24,Casa 166,Michelle,3:52 PM,Peew,peew,Andro,andro,feed,chased.A,,,fly-away,N/A,N/A,N/A
1/4/24,Casa 166,Michelle,3:55 PM,Peew,peew,Andro,andro,,chased.A,,,fly-away,N/A,N/A,N/A
1/4/24,Casa 166,Michelle,3:58 PM,Peew,peew,Andro,andro,feed,chase.A,,,feed,N/A,N/A,N/A
1/4/24,Casa 166,Michelle,4:02 PM,Peew,peew,Andro,andro,,chased.A,,,,N/A,N/A,N/A
1/4/24,Casa 166,Michelle,4:16 PM,Peew,peew,Andro,andro,feed,inchase.A,,,feed,N/A,N/A,Not sure who made call from the two andros
1/4/24,Casa 166,Michelle,4:18 PM,Peew,peew,Andro,andro,feed,inchase.A,,,feed,N/A,N/A,N/A
1/4/24,Casa 166,Michelle,4:21 PM,Peew,peew,Andro,andro,feed,chase.A,,,,N/A,N/A,N/A
1/4/24,Casa 166,Michelle,4:28 PM,Peew,peew,Andro,andro,feed,chase.A,,,fly-away,N/A,N/A,N/A
2/4/24,Casa 145 ,Sadoni ,7:34 AM,peew,peew,andro,andro,,fly-feeder,,,,,,
2/4/24,Casa 145 ,Sadoni ,7:38 AM,peew,peew,andro,andro,,inchase.U,,,,,,
2/4/24,Casa 145 ,Sadoni ,7:54 AM,peew,peew,andro,andro,perch,chase.A,,,perch,,,
2/4/24,Casa 166,Michelle,3:15 PM,Peew,peew,Andro,andro,,inchase.A,,,chase.A,,,
2/4/24,Casa 166,Michelle,4:05 PM,Peew,peew,Andro,andro,,chase.A,,,perch,N/A,N/A,N/A
2/4/24,Casa 166,Michelle,4:14 PM,Peew,peew,Andro,andro,,chase.A,,,perch,7,N/A,N/A
2/4/24,Casa 166,Michelle,4:49 PM,Peew,peew,Andro,andro,,fly-around,,,perch,8,N/A,N/A
2/4/24,Casa 166,Michelle,5:32 PM,Peew,peew,Andro,andro,fly-feeder,inchase.A,,,perch,N/A,N/A,N/A
2/4/24,Casa 166,Michelle,5:58 PM,Peew,peew,Andro,andro,,chase.A,,,perch,N/A,N/A,N/A
2/4/24,Casa 166,Michelle,6:17 PM,Peew,peew,Andro,andro,fly-feeder,inchase.A,,,feed,N/A,N/A,N/A
3/4/24,Casa 166,Sadoni ,6:42 AM,peew,peew,andro,andro,fly-feeder,chase.ama,,,,,,high acitvity 
3/4/24,Casa 166,Sadoni ,6:43 AM,peew,peew,andro,andro,inchase.A,fly-away,,,,,,
3/4/24,Casa 166,Sadoni ,6:50 AM,peew,peew,andro,andro,feed,fly-away,,,,,,
3/4/24,Casa 166,Sadoni ,7:20 AM,peew,peew,andro,andro,,fly-feeder,,,,,,
3/4/24,Casa 166,Sadoni ,7:27 AM,peew,peew,andro,andro,,fly-feeder,,,feed,,,
3/4/24,Casa 166,Sadoni ,7:48 AM,peew,peew,andro,andro,,inchase.U,,,,,,
3/4/24,Casa 166,Sadoni ,8:00 AM,peew,peew,andro,andro,,chased.A,,,,,,
3/4/24,Casa131,Sadoni ,10:55 AM,peew,peew,andro,andro,,inchase.U,,,,,,
3/4/24,Casa 145,Michelle,5:25 PM,Peew,peew,Andro,andro,perch,chase.U,,,perch,N/A,N/A,N/A
3/4/24,Casa 145,Michelle,5:34 PM,Peew,peew,Andro,andro,perch,chase.A,,,perch,N/A,N/A,N/A
3/4/24,Casa 145,Michelle,5:35 PM,Peew,peew,Andro,andro,perch,chase.A,,,perch,N/A,N/A,N/A
4/4/24,Casa 131,Sadoni ,7:22 AM,peew,peew,andro,andro,,inchase.U,,,,N/A,N/A,
4/4/24,Casa 131,Sadoni ,7:25 AM,peew,peew,andro,andro,,inchase.U,,,,N/A,N/A,
4/4/24,Casa 145,Sadoni ,11:16 AM,peew,peew,andro,andro,,chase.U,,,,N/A,N/A,
4/4/24,Casa 166,Michelle,3:13 PM,Peew,peew,Andro,andro,,inchase.A,,,feed,N/A,N/A,N/A
4/4/24,Casa 166,Michelle,3:43 PM,Peew,peew,Andro,andro,perch,chase.A,,,perch,N/A,N/A,N/A
4/4/24,Casa 166,Michelle,3:44 PM,Peew,peew,Andro,andro,perch,chase.A,,,perch,N/A,N/A,N/A
4/4/24,Casa 166,Michelle,5:10 PM,Peew,peew,Andro,andro,perch,inchase.A,,,perch,N/A,N/A,N/A
9/4/24,Casa 131,Michelle,7:09 AM,Peew,peew,Andro,andro,feed,inchase.U,,,,N/A,N/A,Not sure who made sound
9/4/24,Casa 131,Michelle,7:30 AM,Peew,peew,Andro,andro,perch,chase.A,,,feed,N/A,N/A,N/A
9/4/24,Casa 131,Michelle,7:41 AM,Peew,peew,Andro,andro,feed,chase.A,,,feed,N/A,N/A,N/A
9/4/24,Casa 131,Michelle,7:51 AM,Peew,peew,Andro,andro,,inchase.A,,,,N/A,N/A,Not sure who made sound
9/4/24,Casa 131,Michelle,8:31 AM,Peew,peew,Andro,andro,perch,inchase.U,,,,N/A,N/A,Not sure who made sound
9/4/24,Casa 131,Michelle,8:34 AM,Peew,peew,Andro,andro,perch,inchase.U,,,perch,N/A,N/A,N/A
9/4/24,Casa 166,Sadoni ,3:52 PM,Peew,peew,Andro,andro,,inchase.U,,,,N/A,N/A,N/A
9/4/24,Casa 166,Sadoni ,5:52 PM,peew,peew,andro,andro,,inchase.U,,,feed,N/A,N/A,N/A
10/4/24,Casa 145,Michelle,8:38 AM,Peew,peew,Andro,andro,feed,chase.U,,,,N/A,N/A,Not sure if chased or chaser did sound
10/4/24,Casa 166,Sadoni ,2:48 PM,peew,peew,andro,andro,,inchase.U,,,,,,
10/4/24,Casa 166,Sadoni ,3:35 PM,peew,peew,andro,andro,,inchase.U,,,,,,
28/03/24,Casa 131,Michelle,8:45 AM,Peew,peew,Andro?,andro,feed,chase.H,,,feed,N/A,N/A,
28/03/24,Casa 131,Michelle,11:01 AM,Peew,peew,Andro/Juv,andro,feed,inchase.U,,,perch,Not sure who made sound,N/A,
4/4/24,Casa 166,Michelle,3:27 PM,Peew,peew,Andro/Juv,andro,feed,inchase.U,,,fly-away,5,N/A,Not sure if andro or juvenile made the sound since they both were fighting
26/03/24,Casa 131 ,Sadoni ,2:18 PM,peew,peew,hetero,fem,fly-feeder,inchase.U,,,,B: hovering near feeders D: fighting,,
28/03/24,Casa 131,Michelle,8:07 AM,Peew,peew,Hetero,fem,feed,inchase.H,,,feed,N/A,N/A,
28/03/24,Casa 131,Michelle,8:35 AM,Peew,peew,Hetero,fem,feed,chase.H,,,fly-around,delete two recs before,3,
2/4/24,Casa 166,Michelle,4:34 PM,Peew,peew,Hetero,fem,,chased.A,,,perch,N/A,N/A,N/A
9/4/24,Casa 166,Sadoni ,4:22 PM,peew,peew,hetero,fem,,inchase.U,,,,N/A,N/A,N/A
10/4/24,Casa 166,Sadoni ,3:10 PM,peew,peew,juv,juv,fly-feeder,chased.ama,,,perch,,,
10/4/24,Casa 166,Sadoni ,3:18 PM,peew,peew,juv,juv,,chase.A,,,feed,,,
2/4/24,Casa 166,Michelle,5:51 PM,Peew,peew,Juvenile,juv,perch,chase.A,,,perch,N/A,N/A,It could have been juvenile that was chasing or andro that was being chased
2/4/24,Casa 166,Michelle,6:03 PM,Peew,peew,Juvenile,juv,perch,inchase.A,,,perch,N/A,N/A,N/A
2/4/24,Casa 166,Michelle,6:18 PM,Peew,peew,Juvenile,juv,,inchase.ama,,,perch,N/A,N/A,"Juvenile was almost male adult, defending his feeder"
21/03/2024,Casa 145,Michelle,4:07 PM,Peew,peew,Male,andro,perch,chase.A,,,,N/A,N/A,
21/03/2024,Casa 166,Michelle,5:23 PM,Peew,peew,Male,andro,,chase.A,,,fly-away,N/A,N/A,
21/03/2024,Casa 166,Michelle,5:38 PM,Peew,peew,Male,andro,,fly-feeder,,,fly-away,This male seemed to be alone which is weird for that peew sound,12,
21/03/2024,Casa 166,Michelle,5:40 PM,Peew,peew,Male,andro,feed,chase.A,,,,N/A,13,
22/03/24,Casa 131,Michelle,5:13 PM,Peew,peew,Male,andro,perch,chase.U,,,perch,He was defending his territory clearly,N/A,
22/03/24,Casa 131,Michelle,5:45 PM,Peew,peew,Male,andro,,chase.juv,,,perch,Not sure if the sound was made by juvenile or male,6,
25/03/24,Casa 131,Michelle,6:53 AM,Peew,peew,Male,andro,,chase.A,,,fly-away,N/A,N/A,
25/03/24,Casa 131,Michelle,7:02 AM,Peew,peew,Male,andro,fly-feeder,fly-away,,,perch,Female was on another feeder,N/A,
25/03/24,Casa 131,Michelle,8:50 AM,Peew,peew,Male,andro,feed,chase.H,,,,N/A,7,
25/03/24,Casa 131,Michelle,8:56 AM,Peew,peew,Male,andro,,chase.H,,,feed,N/A,N/A,
25/03/24,Casa 131,Michelle,8:58 AM,Peew,peew,Male,andro,feed,chase.U,,,,N/A,9,
25/03/24,Casa 145,Michelle,10:48 AM,Peew,peew,Male,andro,feed,fly-around,,,perch,N/A,N/A,
26/03/24,Casa 145,Michelle,6:39 AM,Peew,peew,Male,andro,perch,chase.A,,,,N/A,N/A,
26/03/24,Casa 166,Michelle,9:11 AM,Peew,peew,Male,andro,fly-feeder,chase.A,,,,N/A,N/A,
26/03/24,Casa 166,Michelle,9:12 AM,Peew,peew,Male,andro,fly-feeder,chase.A,,,perch,N/A,6,
26/03/24,Casa 166,Michelle,9:32 AM,Peew,peew,Male,andro,feed,inchase.U,,,feed,N/A,N/A,
26/03/24,Casa 166,Michelle,9:37 AM,Peew,peew,Male,andro,perch,chase.A,,,perch,N/A,N/A,
26/03/24,Casa 166,Michelle,9:53 AM,Peew,peew,Male,andro,perch,inchase.U,,,perch,N/A,N/A,
26/03/24,Casa 166,Michelle,10:03 AM,Peew,peew,Male,andro,perch,inchase.U,,,perch,Not sure it got in the rec,8,
25/03/24,Casa 166,Sadoni,2:50 PM,peew ,peew,andro,andro,,chase.U,,,,D: in chase,,
25/03/24,Casa 166,Sadoni,3:33 PM,peew ,peew,andro,andro,,fly-away,,,,D: flying away ,,
25/03/24,Casa 166,Sadoni,3:38 PM,peew ,peew,andro,andro,chase.U,fly-away,,,feed,B: in chase D: flying away A: went back to feeder,,
25/03/24,Casa 166,Sadoni,3:54 PM,peew ,peew,andro,andro,chase.U,fly-away,,,,B: in chase D: flying away,,
25/03/24,Casa 166,Sadoni,4:21 PM,peew ,peew,hetero,fem,,inchase.H,,,,D: in chase with hetero,,
25/03/24,Casa 166,Sadoni,2:44PM,peew  and peew (?),peew,andro,andro,,chase.U,,,,D: in chase,,
25/03/24,Casa 166,Sadoni,3:00 PM,peew (?),peew,andro,andro,perch,chase.U,,,perch,B: perched near feeders D: chasing A: perched near feeders,,
10/4/24,Casa 131,Sadoni ,5:03 PM,peew (?),peew,andro,andro,,fly-around,,,perch,,,
26/03/24,Casa 131 ,Sadoni ,2:47 PM,peew (but lower?),peew,andro,andro,,inchase.U,,,,D: chase,,
28/03/24,Casa 145,Sadoni,4:46 PM,short click,click.short,andro,andro,,feed,,,fly-away,D: feeding A: flew away,,
28/03/24,Casa 145,Sadoni,4:50 PM,short click,click.short,andro,andro,,fly-feeder,feed,,fly-away,D: flying towards feeders & while feeding A: flew away,,
28/03/24,Casa 145,Sadoni,5:00 PM,short click,click.short,andro,andro,,feed,fly-away,,,D: feeding & flying away,,
28/03/24,Casa 145,Sadoni,5:03 PM,short click,click.short,andro,andro,,feed,fly-away,,,D: feeding & flying away,,
28/03/24,Casa 145,Sadoni,5:24 PM,short click,click.short,andro,andro,,fly-feeder,feed,fly-away,,"D: flew in, fed, flew away",,
28/03/24,Casa 145,Sadoni,5:55 PM,short click,click.short,andro,andro,fly-feeder,feed,,,fly-away,B: flew towards feeder D: feeding A: flew away,,
1/4/24,Casa 131 ,Sadoni ,7:07 AM,short click,click.short,Andro,andro,fly-away,perch,,,fly-feeder,N/A,N/A,
1/4/24,Casa 131 ,Sadoni ,7:22 AM,short click,click.short,Andro,andro,tailfan.H,fly-away,,,,N/A,N/A,
3/4/24,Casa 166,Sadoni ,6:47 AM,short click,click.short,andro,andro,,fly-feeder,feed,,,,,
3/4/24,Casa 166,Sadoni ,6:51 AM,short click,click.short,andro,andro,feed,feed,,,fly-away,,,
3/4/24,Casa 166,Sadoni ,6:59 AM,short click,click.short,andro,andro,,fly-feeder,,,feed,,,
3/4/24,Casa 166,Sadoni ,7:42 AM,short click,click.short,andro,andro,,fly-feeder,,,,,,
9/4/24,Casa 166,Sadoni ,3:25 PM,short click,click.short,andro,andro,,fly-feeder,,,,N/A,N/A,N/A
9/4/24,Casa 166,Sadoni ,3:39 PM,short click,click.short,Andro,andro,,feed,,,chased.ama,N/A,N/A,N/A
9/4/24,Casa 166,Sadoni ,4:33 PM,short click,click.short,andro,andro,fly-around,perch,,,perch,N/A,N/A,N/A
9/4/24,Casa 166,Sadoni ,4:51 PM,short click,click.short,andro,andro,feed,feed,,,fly-away,N/A,N/A,N/A
9/4/24,Casa 166,Sadoni ,5:30 PM,short click,click.short,andro,andro,feed,feed,fly-away,,,N/A,N/A,N/A
9/4/24,Casa 166,Sadoni ,5:32 PM,short click,click.short,andro,andro,,fly-feeder,feed,,,N/A,N/A,N/A
9/4/24,Casa 166,Sadoni ,5:53 PM,short click,click.short,andro,andro,,feed,,,perch,N/A,N/A,N/A
9/4/24,Casa 166,Sadoni ,6:00 PM,short click,click.short,andro,andro,,feed,,,,N/A,N/A,N/A
9/4/24,Casa 166,Sadoni ,6:01 PM,short click,click.short,andro,andro,,fly-feeder,,,feed,N/A,N/A,N/A
10/4/24,Casa 145,Michelle,7:03 AM,short click,click.short,Andro,andro,,feed,fly-away,,,N/A,N/A,Did twinkle (next entry)
10/4/24,Casa 166,Sadoni ,3:14 PM,short click,click.short,andro,andro,inchase.ama,fly-away,,,,,,
10/4/24,Casa 166,Sadoni ,3:38 PM,short click,click.short,andro,andro,feed,fly-feeder,fly-away,,,,,
10/4/24,Casa 131,Sadoni ,5:23 PM,short click,click.short,andro,andro,perch,fly-feeder,,,,,,
28/03/24,Casa 145,Sadoni,2:59 PM,short click,click.short,hetero,fem,,fly-feeder,,,fly-away,D: flying towards feeder A: flew away,,
28/03/24,Casa 145,Sadoni,5:08 PM,short click,click.short,hetero,fem,,feed,fly-away,,,D: feeding & flew away,,
1/4/24,Casa 131 ,Sadoni ,6:45 AM,short click,click.short,Hetero,fem,,fly-feeder,,,fly-away,N/A,N/A,female mound on feeder
1/4/24,Casa 131 ,Sadoni ,6:46 AM,short click,click.short,Hetero,fem,feed,fly-away,,,,N/A,N/A,
3/4/24,Casa 166,Sadoni ,7:50 AM,short click,click.short,hetero,fem,,fly-feeder,,,feed,,,
3/4/24,Casa 166,Sadoni ,8:19 AM,short click,click.short,hetero,fem,,fly-around,,,perch,,,
9/4/24,Casa 166,Sadoni ,4:04 PM,short click,click.short,hetero,fem,,feed,,,feed,N/A,N/A,N/A
9/4/24,Casa 166,Sadoni ,4:57 PM,short click,click.short,hetero,fem,feed,feed,,,feed,N/A,N/A,N/A
10/4/24,Casa 166,Sadoni ,3:36 PM,short click,click.short,Hetero,fem,perch,fly-feeder,,,,,,
10/4/24,Casa 131,Sadoni ,5:21 PM,short click,click.short,Hetero,fem,feed,fly-feeder,,,,,,
10/4/24,Casa 131,Sadoni ,5:24 PM,short click,click.short,Hetero,fem,,fly-feeder,,,feeding,,,
10/4/24,Casa 131,Sadoni ,5:28 PM,short click,click.short,Hetero,fem,fly-around,fly-feeder,,,perch,,,
10/4/24,Casa 131,Sadoni ,5:32 PM,short click & trill,click.short,andro,andro,,feed,,,,,,
28/03/24,Casa 145,Sadoni,5:14 PM,short clicks,click.short,andro,andro,,feed,fly-away,,,D: feeding & flying away,,
28/03/24,Casa 145,Sadoni,5:16 PM,short clicks,click.short,andro,andro,,fly-feeder,feed,,fly-away,"D: flew towards feeder, fed, then flew away",,
28/03/24,Casa 145,Sadoni,5:18 PM,short clicks,click.short,andro,andro,feed,fly-away,,,,B: feeding D: flying away,,
28/03/24,Casa 145,Sadoni,5:58 PM,short clicks,click.short,andro,andro,,fly-around,,,feed,D: flying towards feeder; flying away from feeder A: feeding,,
28/03/24,Casa 145,Sadoni,6:20 PM,short clicks,click.short,andro,andro,feed,fly-away,,,,B: feeding  D: flying away ,,
1/4/24,Casa 166,Michelle,6:02 PM,Short clicks,click.short,Andro,andro,,feed,,,fly-away,N/A,N/A,N/A
1/4/24,Casa 166,Michelle,6:25 PM,Short clicks,click.short,Andro,andro,fly-feeder,feed,,,feed,N/A,N/A,N/A
2/4/24,Casa 145 ,Sadoni ,7:14 AM,short clicks,click.short,andro,andro,cop,perch,,,cop,,,
2/4/24,Casa 145 ,Sadoni ,8:19 AM,short clicks,click.short,andro,andro,,perch,,,cop,,,
2/4/24,Casa 145 ,Sadoni ,9:13 AM,Short clicks,click.short,andro,andro,perch,perch,,,perch,1,,
3/4/24,Casa 166,Sadoni ,7:08 AM,short clicks,click.short,andro,andro,,fly-feeder,feed,,,,,
4/4/24,Casa 131,Sadoni ,6:41 AM,short clicks,click.short,andro,andro,,feed,fly-away,,,N/A,N/A,
4/4/24,Casa 131,Sadoni ,6:48 AM,short clicks,click.short,andro,andro,,fly-feeder,,,fly-away,N/A,N/A,
4/4/24,Casa 131,Sadoni ,6:51 AM,short clicks,click.short,andro,andro,,fly-feeder,,,fly-away,N/A,N/A,
4/4/24,Casa 131,Sadoni ,7:34 AM,short clicks,click.short,andro,andro,,fly-around,,,perch,N/A,N/A,
28/03/24,Casa 145,Sadoni,6:25 PM,short clicks,click.short,hetero,fem,,fly-feeder,feed,,fly-away,D: flying towards feeder & feeding A: flew away,,
4/4/24,Casa 131,Sadoni ,6:33 AM,short clicks,click.short,hetero,fem,fly-feeder,feed,,,fly-away,N/A,N/A,
4/4/24,Casa 131,Sadoni ,6:47 AM,short clicks,click.short,hetero,fem,,fly-feeder,,,fly-away,N/A,N/A,
28/03/24,Casa 145,Sadoni,5:38 PM,short clicks,click.short,hetero ,fem,,feed,fly-away,,,D: feeding & flying away,,
28/03/24,Casa 145,Sadoni,6:07 PM,short clicks ,click.short,andro,andro,,fly-feeder,feed,,,D: flying towards feeder & feeding ,,
22/03/24,Casa 145,Sadoni,7:13 AM,trill,trill,andro,andro,perch,perch,,,fly-away,B:perched D: Amazilia comes to feeder A: flies to feeder then back to perching ,,
22/03/24,Casa 145,Sadoni,7:15 AM,trill,trill,andro,andro,perch,perch,,,fly-away,B:perched D: Amazilia comes to feeder A: flies away from perch,,
25/03/24,Casa 131,Sadoni ,5:36 PM,trill,trill,andro,andro,,fly-around,,,,D: flying ,,
31/03/2024,Casa 145,Michelle,4:40 PM,Trill,trill,Andro,andro,,perch,,,chase.U,1 (end),,N/A
1/4/24,Casa 166,Michelle,3:04 PM,Trill,trill,Andro,andro,,perch,,,perch,N/A,N/A,"This went for at least four minutes, trill became long clicks"
1/4/24,Casa 166,Michelle,4:31 PM,Trill,trill,Andro,andro,perch,perch,,,perch,"1, 2",,N/A
2/4/24,Casa 145 ,Sadoni ,7:03 AM,trill,trill,andro,andro,perch,perch,,,cop,,,
2/4/24,Casa 145 ,Sadoni ,7:21 AM,trill,trill,andro,andro,perch,perch,,,fly-away,,,
2/4/24,Casa 145 ,Sadoni ,7:28 AM,trill,trill,andro,andro,fly-feeder,perch,,,chase.U,,,
2/4/24,Casa 145 ,Sadoni ,8:00 AM,trill,trill,andro,andro,perch,perch,,,perch,,,
2/4/24,Casa 166,Michelle,3:24 PM,Trill,trill,Andro,andro,,perch,,,perch,"2, 3",N/A,Beak was opening
2/4/24,Casa 166,Michelle,3:30 PM,Trill,trill,Andro,andro,perch,perch,,,perch,4,N/A,N/A
2/4/24,Casa 166,Michelle,3:36 PM,Trill,trill,Andro,andro,perch,perch,,,perch,5,N/A,Did short trill (didn't end up in long clicks) for a couple of times
2/4/24,Casa 166,Michelle,3:39 PM,Trill,trill,Andro,andro,perch,perch,,,fly-away,6,N/A,N/A
3/4/24,Casa 145,Michelle,4:03 PM,Trill,trill,Andro,andro,perch,perch,,,perch,N/A,N/A,P. longirostris came to one of the feeders and that's when the andro started doing trill that became long clicks
4/4/24,Casa 131,Sadoni ,7:49 AM,trill,trill,andro,andro,,perch,,,chase.U,N/A,N/A,
4/4/24,Casa 166,Michelle,3:26 PM,Trill,trill,Andro,andro,,perch,,,perch,4,N/A,"Several androchromes started trilling too, no obvious trigger seen"
4/4/24,Casa 166,Michelle,4:05 PM,Trill,trill,Andro,andro,perch,perch,,,perch,8,N/A,N/A
9/4/24,Casa 131,Michelle,8:40 AM,Trill,trill,Andro,andro,,fly-around,perch,,perch,N/A,N/A,When he started trilling all the hummingbirds at the feeders left
10/4/24,Casa 145,Michelle,8:31 AM,Trill,trill,Andro,andro,,chase.ama,,,chase.ama,N/A,N/A,Not 100% sure this was a trill from F. mellivora but seemed like it
10/4/24,Casa 145,Michelle,8:45 AM,Trill,trill,Andro,andro,,perch,,,perch,N/A,N/A,N/A
21/03/2024,Casa 166,Michelle,5:34 PM,trill,trill,Female,fem,,fly-around,,,,A peew might be on the rec too but not sure who made it,10,
4/4/24,Casa 166,Michelle,3:19 PM,Trill,trill,Hetero,fem,,perch,,,perch,N/A,N/A,N/A
1/4/24,Casa 166,Michelle,5:38 PM,Trill,trill,Juvenile,juv,,perch,,,perch,N/A,N/A,N/A
2/4/24,Casa 166,Michelle,4:53 PM,Trill,trill,Juvenile,juv,,perch,,,fly-away,N/A,N/A,"I assume it was a juvenile because I saw yellow feather but it was almost an adult for sure, the blue cap was shiny"
21/03/2024,Casa 166,Michelle,5:31 PM,trill,trill,Male?,andro,,fly-around,,,,"Female also comes to feeders and makes same sound, then feeds",9,
28/03/24,Casa 145,Sadoni,2:45 PM,trill (click),trill,andro,andro,perch,perch,,,perch,B: perched D: perched (female came to feeder) A: (trill to click) (female left) male still perched,,
21/03/2024,Casa 145,Michelle,3:48 PM,"Trill, clicks",trill,Male,andro,perch,perch,,,fly-feeder,"Same male from before. Started doing clikcs, stopped, then did the trill that turned to clicks",4,
4/4/24,Casa 131,Sadoni ,8:17 AM,trinkle,twinkle,andro,andro,,fly-around,,,perch,N/A,N/A,
22/03/24,Casa 145,Sadoni,6:54 AM,twinkle,twinkle,andro,andro,perch,fly-away,,,,B: perched near feeder D: flying away,,
26/03/24,Casa 131 ,Sadoni ,2:33 PM,twinkle,twinkle,andro,andro,feed,inchase.U,,,,B: feeding (?) D: flying (In chase ?),,
26/03/24,Casa 131 ,Sadoni ,2:46 PM,twinkle,twinkle,andro,andro,feed,fly-around,,,,B: feeding (?) D: flying away,,
26/03/24,Casa 131 ,Sadoni ,2:56 PM,twinkle,twinkle,andro,andro,feed,fly-away,,,,B: feeding D: flying away ,,
28/03/24,Casa 131,Michelle,7:01 AM,twinkle,twinkle,Andro,andro,feed,fly-away,,,,N/A,N/A,
28/03/24,Casa 131,Michelle,8:32 AM,Twinkle,twinkle,Andro,andro,perch,fly-around,,,,N/A,N/A,
28/03/24,Casa 131,Michelle,11:04 AM,Twinkle,twinkle,Andro,andro,,court.H,,,perch,N/A,N/A,
28/03/24,Casa 131,Michelle,11:06 AM,Twinkle,twinkle,Andro,andro,,chase.U,,,perch,N/A,N/A,
28/03/24,Casa 131,Michelle,11:31 AM,Twinkle,twinkle,Andro,andro,,court.H,,,perch,N/A,N/A,
28/03/24,Casa 145,Sadoni,2:22 PM,twinkle,twinkle,andro,andro,feed,fly-away,,,,B: feeding D: flying away,,
28/03/24,Casa 145,Sadoni,2:25 PM,twinkle,twinkle,andro,andro,feed,fly-away,,,,B: feeding D: flying away,,
28/03/24,Casa 145,Sadoni,3:01 PM,twinkle,twinkle,andro,andro,feed,fly-away,,,,B: feeding D: flying away,,
28/03/24,Casa 145,Sadoni,5:03 PM,twinkle,twinkle,andro,andro,,fly-away,,,,D: flying away,,
28/03/24,Casa 145,Sadoni,5:13 PM,twinkle,twinkle,andro,andro,feed,fly-away,,,,B: feeding & D: flying away,,
28/03/24,Casa 145,Sadoni,5:24 PM,twinkle,twinkle,andro,andro,,fly-away,,,,D: flying away,,
28/03/24,Casa 145,Sadoni,6:07 PM,twinkle,twinkle,andro,andro,feed,fly-away,,,,B: feeding  D: flying away ,,
31/03/2024,Casa 145,Michelle,4:02 PM,Twinkle,twinkle,Andro,andro,feed,fly-around,,,perch,N/A,N/A,N/A
31/03/2024,Casa 145,Michelle,5:03 PM,Twinkle,twinkle,Andro,andro,chase.U,chase.U,,,,N/A,N/A,N/A
1/4/24,Casa 166,Michelle,3:18 PM,Twinkle,twinkle,Andro,andro,,court.H,,,feed,N/A,N/A,N/A
1/4/24,Casa 166,Michelle,3:53 PM,Twinkle,twinkle,Andro,andro,,chase.H,,,,N/A,N/A,Since andro was chasing hetero I assumed andro made sound but not visually confirmed
1/4/24,Casa 166,Michelle,5:24 PM,Twinkle,twinkle,Andro,andro,,chased.A,,,,N/A,N/A,"Hetero was chasing andro and doing cheeps too, assuming twinkle was from andro"
3/4/24,Casa 166,Sadoni ,6:52 AM,twinkle,twinkle,andro,andro,,fly-around,perch,,,,,
3/4/24,Casa 166,Sadoni ,7:09 AM,twinkle,twinkle,andro,andro,,fly-away,,,,,,
4/4/24,Casa 166,Michelle,3:11 PM,Twinkle,twinkle,Andro,andro,chase.U,fly-around,,,perch,N/A,N/A,N/A
4/4/24,Casa 166,Michelle,5:24 PM,Twinkle,twinkle,Andro,andro,,inchase.A,,,,N/A,N/A,N/A
4/4/24,Casa 166,Michelle,5:29 PM,Twinkle,twinkle,Andro,andro,,fly-feeder,,,feed,N/A,N/A,N/A
4/4/24,Casa 166,Michelle,5:31 PM,Twinkle,twinkle,Andro,andro,,fly-around,,,perch,N/A,N/A,N/A
4/4/24,Casa 166,Michelle,5:35 PM,Twinkle,twinkle,Andro,andro,,fly-around,,,fly-away,10,N/A,This is a really good twinkle rec
4/4/24,Casa 166,Michelle,5:37 PM,Twinkle,twinkle,Andro,andro,perch,perch,,,fly-feeder,11,N/A,This is a really good twinkle rec
4/4/24,Casa 166,Michelle,5:43 PM,Twinkle,twinkle,Andro,andro,,fly-around,,,perch,12,N/A,N/A
9/4/24,Casa 131,Michelle,7:18 AM,Twinkle,twinkle,Andro,andro,feed,chased.A,,,fly-away,N/A,N/A,N/A
9/4/24,Casa 131,Michelle,8:53 AM,Twinkle,twinkle,Andro,andro,chased.A,fly-away,,,,N/A,N/A,N/A
9/4/24,Casa 131,Michelle,9:43 AM,Twinkle,twinkle,Andro,andro,perch,inchase.U,,,perch,N/A,N/A,N/A
9/4/24,Casa 166,Sadoni ,4:52 PM,Twinkle,twinkle,andro,andro,feed,fly-away,,,,N/A,N/A,N/A
10/4/24,Casa 145,Michelle,7:03 AM,Twinkle,twinkle,Andro,andro,feed,fly-away,,,,N/A,N/A,N/A
10/4/24,Casa 145,Michelle,7:52 AM,Twinkle,twinkle,Andro,andro,feed,fly-away,,,,N/A,N/A,Did clicks from previous entry
10/4/24,Casa 145,Michelle,8:25 AM,Twinkle,twinkle,Andro,andro,feed,fly-away,,,,N/A,N/A,N/A
10/4/24,Casa 131,Sadoni ,5:26 PM,Twinkle,twinkle,andro,andro,,perch,,,fly-away,,,
25/03/24,Casa 166,Sadoni,3:12 PM,twinkle,twinkle,andro ,andro,perch,fly-away,,,,B: flying D: perched and flying away,Gamboa_H166_240325150927_002,
28/03/24,Casa 131,Michelle,11:36 AM,Twinkle,twinkle,Andro? Juvenile?,andro,,chased.A,,,perch,N/A,N/A,
26/03/24,Casa 166,Michelle,10:19 AM,Twinkle,twinkle,Juvenile,juv,perch,fly-away,,,,N/A,9,
21/03/2024,Casa 166,Michelle,5:11 PM,Twinkle,twinkle,Male,andro,feed,fly-away,,,,Same male from before,N/A,
21/03/2024,Casa 166,Michelle,5:45 PM,Twinkle,twinkle,Male,andro,feed,fly-away,,,,N/A,N/A,
21/03/2024,Casa 166,Michelle,5:56 PM,Twinkle,twinkle,Male,andro,feed,fly-away,,,,N/A,N/A,
22/03/24,Casa 131,Michelle,5:22 PM,Twinkle,twinkle,Male,andro,,fly-feeder,,,,N/A,5,
22/03/24,Casa 131,Michelle,5:43 PM,Twinkle,twinkle,Male,andro,,chase.ama,,,perch,N/A,N/A,
22/03/24,Casa 131,Michelle,5:44 PM,Twinkle,twinkle,Male,andro,perch,chase.ama,,,perch,Defending territory,N/A,
22/03/24,Casa 131,Michelle,5:47 PM,Twinkle,twinkle,Male,andro,,chase.U,,,perch,N/A,N/A,
22/03/24,Casa 131,Michelle,6:14 PM,Twinkle,twinkle,Male,andro,,chase.A,,,,N/A,N/A,
25/03/24,Casa 131,Michelle,7:00 AM,Twinkle,twinkle,Male,andro,feed,fly-away,,,,N/A,N/A,
25/03/24,Casa 131,Michelle,7:01 AM,Twinkle,twinkle,Male,andro,,fly-feeder,,,perch,N/A,N/A,
25/03/24,Casa 131,Michelle,7:29 AM,Twinkle,twinkle,Male,andro,feed,fly-away,,,,N/A,N/A,
25/03/24,Casa 131,Michelle,7:32 AM,Twinkle,twinkle,Male,andro,fly-feeder,fly-away,,,,N/A,N/A,
25/03/24,Casa 131,Michelle,7:33 AM,Twinkle,twinkle,Male,andro,perch,perch,,,perch,N/A,N/A,
25/03/24,Casa 131,Michelle,8:20 AM,Twinkle,twinkle,Male,andro,chase.A,fly-away,,,,N/A,N/A,
26/03/24,Casa 145,Michelle,6:57 AM,Twinkle,twinkle,Male,andro,fly-feeder,chased.A,,,,N/A,N/A,
26/03/24,Casa 166,Michelle,9:13 AM,Twinkle,twinkle,Male,andro,feed,chase.ama,,,perch,N/A,N/A,
26/03/24,Casa 166,Michelle,9:41 AM,Twinkle,twinkle,Male,andro,,court.H,,,perch,N/A,N/A,
26/03/24,Casa 166,Michelle,10:21 AM,Twinkle,twinkle,Male or juvenile,andro,,chased.A,,,,N/A,10?,
25/03/24,Casa 166,Sadoni,4:12 PM,twinkle ,twinkle,andro,andro,chased.U,fly-away,,,,B: in chase (chasee) D: flying away,,
25/03/24,Casa 131,Sadoni ,5:12 PM,twinkle ,twinkle,andro,andro,feed,fly-away,,,,B: feeding D: flying away,,
26/03/24,Casa 131 ,Sadoni ,1:55 PM,twinkle ,twinkle,andro,andro,feed,fly-away,,,,B: visiting feeder D: flying away,,
25/03/24,Casa 166,Sadoni,3:06 PM,twinkle (low pitch),twinkle,andro (?),andro,,perch,,,,D: perched ,Gamboa_H166_240325150252_001 & Gamboa_H166_240325151921_003,
18/04/18,,Jay,7:37 AM,short click,click.short,andro,andro,,fly-feeder,feed,fly-away,,,,
19/04/18,,Jay,13:24,short click,click.short,Female,fem,,fly-feeder,chased.ama,,,,,
19/04/18,,Jay,13:25,short click,click.short,Juvenile,juv,,fly-feeder,chased.ama,,perch,,,
21/04/18,,Jay,07:42,short click,click.short,female,fem,,fly-feeder,feed,,fly-away,,,
21/04/18,,Jay,11:54,short click,click.short,male,andro,feed,fly-away,,,,,,
21/04/18,,Jay,12:08,short click,click.short,female,fem,,fly-feeder,feed,,fly-away,,,
21/04/18,,Jay,12:31,short click,click.short,male,andro,,feed,fly-away,,,,,
21/04/18,,Jay,14:05,short click,click.short,Female,fem,,feed,,,fly-away,,,
24/04/18,,Jay,08:42,short click,click.short,female,fem,,fly-feeder,feed,,,,,
24/04/18,,Jay,10:04,,twinkle,male,andro,,inchase.A,,,inchase.A,,,
30/04/18,,Jay,14:34,,twinkle,male,andro,,court.H,,,,,,
30/04/18,,Jay,15:47,,twinkle,male,andro,,court.H,,,chase.A,,,
17/11/18,,Jay,11:07,,twinkle,male,andro,,perch,,,fly-feeder,,,
18/11/18,,Jay,10:13,,click.short,male,andro,perch,perch,,,chase.ama,,,
21/11/18,,Jay,17:49,,click.short,male,andro,chase.A,fly-around,perch,,perch,,,
25/11/18,,Jay,10:07,,peew,male,andro,chased.A,inchase.A,,,,,,
25/11/18,,Jay,10:08,,peew,male,andro,chased.A,inchase.A,,,,,,
9/12/18,,Jay,11:14,,click.long,male,andro,,perch,,,,,,
2/1/19,,Jay,12:22,,twinkle,male,andro,,perch,,,perch,,,
2/1/19,,Jay,12:24,,twinkle,male,andro,chase.U,fly-away,,,perch,,,
2/1/19,,Jay,12:25,,twinkle,male,andro,,perch,,,perch,,,
3/1/19,,Jay,15:28,,twinkle,,andro,fly-feeder,fly-away,,,,,,
3/1/19,,Jay,15:35,,click.short,,andro,,feed,,,perch,,,
6/1/19,,Jay,15:31,,click.short,,fem,perch,feed,,,,,,
9/1/19,,Mia,10:05,,click.long,,andro,chase.A,perch,,,fly-away,,,
9/1/19,,Mia,10:05,,click.short,,andro,perch,chased.A,,,fly-away,,,
1-Oct,,Jay,09:15,,click.short,,fem,fly-feeder,feed,,,fly-away,,,
10/1/19,,Jay,10:19,,twinkle,,andro,feed,chase.honeycreeper,perch,,feed,,,
10/1/19,,Jay,16:28,,click.short,,andro,,feed,fly-away,,,,,
15/01/19,,Jay,08:45,,click.short,,andro,,feed,,,fly-away,,,
15/01/19,,Jay,08:45,,twinkle,,andro,feed,fly-away,,,,,,
15/01/19,,Jay,16:54,,twinkle,,andro,,court.U,,,,,,
20/01/19,,Jay,09:08,,peew,,fem,inchase.H,inchase.H,,,fly-away,,,
20/01/18,,Jay,09:08,,click.short,,fem,,feed,,,inchase.H,,,
20/01/19,,Jay,09:10,,twinkle,,andro,feed,fly-away,,,,,,
20/01/19,,Jay,09:11,,click.short,,andro,,feed,,,,,,
13/03/19,,Jay,07:22,,twinkle,,andro,feed,perch,,,fly-away,,,
15/03/19,,Jay,07:45,,twinkle,,andro,,chase.U,,,,,,
15/03/19,,Jay,07:52,,twinkle,,andro,,perch,,,,,,
15/03/19,,Jay,08:02,,peew,,andro,,inchase.A,,,inchase.A,,,
20/03/19,,Jay,10:09,,peew,,andro,,inchase.A,,,,,,
21/03/19,,Jay,16:01,,peew,,fem,feed,inchase.H,,,feed,,,
25/03/19,,Jay,14:07,,peew,,fem,feed,inchase.H,,,,,,
25/03/19,,Jay,14:08,,trill,,andro,,fly-around,,,,,,
3/4/19,,Jay,08:23,,trill,,andro,perch,perch,,,chase.ama,,,
8/6/19,,Jay,17:05,,twinkle,,andro,feed,inchase.A,,,,,,
17/04/22,,Jay,14:41,,click.short,,andro,,feed,,,fly-away,,,
24/04/22,,Jay,15:14,,twinkle,,andro,perch,court.H,,,,,,
29/04/22,,Jay,06:33,,peew,,fem,,inchase.H,,,,,,
29/03/24,,Jay,12:17,,trill,,andro,,chase.H,,,perch,,,
31/03/24,,Jay,10:15,,bell,,juv,,perch,,,,,,
31/03/24,,Michelle,10:22,,twinkle,,andro,,perch,,,fly-away,,,
1/4/24,,Jay,08:14,,twinkle,,andro,feed,fly-away,,,,,,
2/4/24,,Jay,07:47,,twinkle,,andro,,court.H,,,,,,
4/4/24,,Jay,06:09,,click.short,,fem,,feed,fly-away,,,,,
4/4/24,,Jay,06:13,,click.short,,andro,,feed,,,,,,
5/4/24,,Jay,06:53,,click.short,,fem,,fly-feeder,,,feed,,,
4-Jul,,Jay,08:27,,click.long,,andro,,perch,,,perch,,,
10/4/24,,Jay,07:06,,cheep,,fem,,fly-feeder,,,feed,,,
10/4/24,,Jay,07:10,,bell,,juv,,fly-feeder,,,chased.A,,,
10/4/24,,Jay,08:13,,twinkle,,andro,,court.H,,,chase.U,,,
11/4/24,,Jay,16:59,,twinkle,,andro,,chase.H,,,,,,
12/4/24,,Jay,08:12,,cheep,,fem,,chased.ama,,,,,,
14/04/24,,Jay,09:45,,twinkle,,andro,,court.H,,,,,,